s{,s撬,_Ɛi̔_Ɓj,_ƐiI_Ɓj
kC,Dys,347,280
kC,َs,146,132
kC,Ms,54,58
kC,s,843,273
kC,s,12,8
kC,Hs,129,18
kC,эLs,580,27
kC,ks,713,126
kC,[s,111,18
kC,〈s,854,166
kC,ԑs,305,18
kC,Gs,61,19
kC,Ϗqs,34,19
kC,ts,135,4
kC,Ss,486,74
kC,ʎs,203,41
kC,]ʎs,304,31
kC,ԕs,68,11
kC,ʎs,70,9
kC,mʎs,467,57
kC,s,473,107
kC,O}s,55,14
kC,s,86,1
kC,Ύs,173,41
kC,s,273,65
kC,s,169,24
kC,̎us,1,0
kC,[s,542,152
kC,xǖs,546,15
kC,oʎs,27,9
kC,bs,165,92
kC,ɒBs,318,64
kC,kLs,89,50
kC,Ύs,283,58
kC,kls,449,137
kC,ʒ,414,64
kC,VÑ,221,1
kC,O,14,120
kC,,14,22
kC,m,130,38
kC,،Ó,33,34
kC,ђ,289,40
kC,,1,19
kC,X,137,49
kC,_,162,85
kC,,34,6
kC,],76,27
kC,m,81,60
kC,򕔒,209,52
kC,,52,65
kC,K,17,12
kC,,239,19
kC,Ȓ,270,81
kC,q,28,13
kC,s,7,36
kC,,38,13
kC,z,237,27
kC,jZR,127,5
kC,^둺,124,7
kC,s,87,4
kC,Εʒ,76,4
kC,ɒ,76,8
kC,m,161,21
kC,a,293,54
kC,,24,5
kC,,1,0
kC,_b,0,0
kC,ϒO,23,21
kC,Õ,10,7
kC,mؒ,294,15
kC,]s,340,21
kC,Ԉ쑺,80,3
kC,y,153,108
kC,ވ],129,18
kC,㍻쒬,0,0
kC,Rm,302,35
kC,,566,92
kC,IR,317,52
kC,`,159,16
kC,YP,150,16
kC,V\Ð쒬,292,44
kC,w,181,4
kC,ʒ,141,14
kC,J,166,1
kC,k,132,25
kC,c,146,14
kC,鐲,214,145
kC,_y,183,60
kC,,342,134
kC,z,212,48
kC,ʒ,82,50
kC,쒬,36,19
kC,쒬,172,125
kC,l,373,24
kC,xǖ쒬,217,2
kC,xǖ쒬,299,8
kC,xǖ쒬,56,8
kC,芥,19,4
kC,a,200,22
kC,,264,13
kC,쒬,109,13
kC,[,144,13
kC,Ўq{,16,0
kC,쒬,42,1
kC,y,102,3
kC,ђ,59,18
kC,,104,14
kC,ϑO,105,29
kC,Hy,95,11
kC,Rʑ,58,16
kC,ʒ,96,20
kC,V,100,1
kC,,53,0
kC,lڕʒ,44,2
kC,ڕʒ,45,1
kC,}K,103,7
kC,Lx,153,0
kC,當,0,13
kC,K,0,101
kC,Kxm,0,13
kC,y,89,0
kC,y,348,12
kC,Õʒ,126,5
kC,Η,234,3
kC,,200,0
kC,,287,6
kC,Pq{,287,5
kC,u˒,77,12
kC,CԒ,120,12
kC,y,80,35
kC,Nʒ,222,58
kC,㒬,44,5
kC,,58,6
kC,,14,1
kC,Y,47,0
kC,,400,13
kC,LY,74,8
kC,s˒,110,15
kC,V,26,7
kC,^,275,65
kC,Β,126,9
kC,,181,23
kC,ނ풬,308,51
kC,,274,39
kC,撬,224,19
kC,V,192,3
kC,Y͒,222,61
kC,l,52,34
kC,,11,1
kC,VЂ,380,67
kC,X,613,11
kC,my,332,1
kC,my,137,4
kC,ǒ,198,0
kC,V,77,1
kC,,297,3
kC,莺,527,8
kC,D,128,2
kC,Xʑ,212,0
kC,,134,1
kC,L,81,11
kC,ʒ,469,10
kC,rc,210,13
kC,L,151,5
kC,{ʒ,233,5
kC,,206,5
kC,ʒ,63,2
kC,Yy,182,9
kC,H,18,6
kC,ݒ,101,3
kC,l,188,4
kC,W,267,1
kC,q,121,3
kC,ߋ,76,6
kC,f,70,14
kC,ʊC,687,1
kC,WÒ,307,1
kC,WÒ,129,4
kC,P,9,0
X,Xs,1425,642
X,OOs,4687,754
X,ˎs,1128,1106
X,Ύs,1168,244
X,܏쌴s,1543,265
X,\acs,1865,442
X,Os,374,62
X,ނs,117,375
X,s,2205,158
X,s,1824,506
X,,139,149
X,ʒ,31,53
X,Hc,164,30
X,Ol,29,91
X,˃,453,74
X,[Y,190,201
X,ډ,87,41
X,蒬,841,228
X,k,365,161
X,cɊّ,433,149
X,,1072,46
X,ߓc,937,94
X,,453,86
X,Ӓn,51,69
X,˒,769,239
X,Z˒,598,148
X,l,119,109
X,k,857,164
X,Z,161,56
X,点,383,164
X,Ԓ,10,66
X,ʑ,161,129
X,ԉY,6,49
X,䑺,12,65
X,O˒,525,96
X,܌˒,964,363
X,cq,441,135
X,암,1005,363
X,K㒬,135,170
X,V,335,61
茧,s,2145,1118
茧,{Îs,542,592
茧,Dns,159,631
茧,Ԋs,3322,1326
茧,ks,1937,1044
茧,vs,425,615
茧,s,1462,856
茧,֎s,5509,3487
茧,Ocs,285,540
茧,Ύs,104,162
茧,ˎs,1170,546
茧,s,1831,657
茧,Bs,6073,2127
茧,s,646,184
茧,Β,891,242
茧,,303,248
茧,蒬,833,338
茧,g,1162,499
茧,В,377,302
茧,a꒬,376,181
茧,P蒬,745,248
茧,,564,255
茧,Zc,248,308
茧,ƒ,108,93
茧,Rc,132,149
茧,,262,488
茧,c씨,68,165
茧,㑺,24,97
茧,yĒ,636,281
茧,c,84,157
茧,ˑ,361,188
茧,m쒬,543,311
茧,˒,534,392
{錧,s,1584,937
{錧,Ίs,2060,735
{錧,}s,7,31
{錧,Cs,666,999
{錧,Ύs,836,575
{錧,s,688,287
{錧,pcs,1034,612
{錧,s,140,73
{錧,s,235,184
{錧,oĎs,4911,1587
{錧,Is,4320,1181
{錧,s,556,252
{錧,s,3808,1044
{錧,xJs,220,53
{錧,,523,313
{錧,h,59,74
{錧,͌,178,137
{錧,c,481,283
{錧,ēc,296,238
{錧,蒬,403,229
{錧,ېX,682,492
{錧,j,712,254
{錧,R,320,193
{錧,,192,87
{錧,l,18,47
{錧,{,195,106
{錧,a,443,136
{錧,勽,450,189
{錧,t,307,70
{錧,F,299,99
{錧,,595,559
{錧,OJ,718,225
{錧,,460,281
{錧,쒬,1,6
{錧,O,235,309
Hc,Hcs,1941,584
Hc,\s,1149,354
Hc,s,4517,1214
Hc,َs,1243,712
Hc,js,668,206
Hc,s,1947,962
Hc,ps,1136,513
Hc,R{s,2960,727
Hc,s,545,191
Hc,s,3779,1213
Hc,kHcs,882,551
Hc,ɂَs,559,170
Hc,ks,1127,388
Hc,⒬,87,61
Hc,㏬m,79,38
Hc,,115,121
Hc,O풬,1041,336
Hc,,376,126
Hc,܏ڒ,346,85
Hc,Y,225,41
Hc,쒬,281,61
Hc,劃,402,1
Hc,,1138,238
Hc,H㒬,1094,315
Hc,,143,128
R`,R`s,1737,1495
R`,đs,758,543
R`,߉s,3115,1123
R`,cs,1826,567
R`,Vs,1053,229
R`,͍]s,1091,703
R`,Rs,824,484
R`,Rs,1127,769
R`,s,612,393
R`,Vs,1660,570
R`,s,1578,497
R`,ԑs,1099,412
R`,zs,769,338
R`,RӒ,263,265
R`,R,263,256
R`,͖k,597,413
R`,쒬,201,229
R`,,418,353
R`,],256,228
R`,Γc,387,234
R`,R,367,80
R`,ŏ㒬,662,126
R`,M`,345,124
R`,^쒬,386,108
R`,呠,251,111
R`,쑺,379,51
R`,ˑ,303,55
R`,,903,307
R`,쐼,837,280
R`,,180,180
R`,钬,478,626
R`,іL,463,99
R`,O쒬,366,69
R`,,842,104
R`,V,400,411
,s,3094,1882
,Îᏼs,1691,721
,SRs,3566,1536
,킫s,3116,1844
,͎s,1651,489
,{s,2452,541
,쑽s,2260,910
,ns,674,274
,{s,2097,1579
,cs,1882,1261
,쑊ns,705,604
,ɒBs,2136,1732
,{{s,881,445
,Kܒ,486,243
,,532,242
,얓,251,420
,ʑ,530,179
,Β,308,96
,Vh,396,141
,,356,281
,w},2,6
,,185,250
,Ò,532,559
,k,137,93
,Ò,395,251
,֒,175,123
,c㒬,578,278
,Í≺,835,323
,쑺,274,70
,Ò,215,177
,O,34,132
,R,74,177
,a,108,80
,Ô,1042,532
,,352,148
,葺,320,100
,,294,95
,,679,156
,Iq,651,178
,Ւ,325,244
,,533,258
,L쑺,350,111
,ΐ쒬,721,335
,ʐ쑺,476,174
,c,479,158
,쒬,322,83
,Óa,334,192
,Ot,520,327
,쒬,508,215
,L쒬,74,49
,t,30,6
,x,5,0
,,113,43
,F,0,0
,ot,0,0
,Q],0,0
,,17,4
,Vn,268,257
,ъڑ,39,9
錧,ˎs,2099,1547
錧,s,376,596
錧,yYs,924,620
錧,É͎s,1317,859
錧,Ήs,1987,1154
錧,s,819,491
錧,Ps,470,253
錧,Ȏs,965,530
錧,푍s,1424,907
錧,헤cs,1996,1746
錧,s,266,278
錧,ks,648,379
錧,}Ԏs,2050,1226
錧,s,790,308
錧,vs,308,264
錧,Ύs,2117,1711
錧,ЂȂs,833,626
錧,s,422,379
錧,s,514,157
錧,Js,112,163
錧,헤{s,1288,1777
錧,߉ώs,996,976
錧,}s,2159,1156
錧,Ⓦs,1447,879
錧,~s,1497,361
錧,݂s,1335,737
錧,s,1109,763
錧,_s,676,256
錧,ss,1964,786
錧,gcs,2171,680
錧,΂݂炢s,942,322
錧,ʎs,1290,775
錧,钬,1381,648
錧,,122,48
錧,闢,827,651
錧,C,304,292
錧,q,719,957
錧,Y,227,113
錧,,410,290
錧,͓,524,59
錧,㒬,867,426
錧,܉,373,179
錧,,603,387
錧,,252,129
Ȗ،,Fs{s,3247,1180
Ȗ،,s,697,833
Ȗ،,Ȗ؎s,2920,1483
Ȗ،,s,1022,1203
Ȗ،,s,1843,939
Ȗ،,s,1362,561
Ȗ،,Rs,1680,852
Ȗ،,^s,2257,816
Ȗ،,cs,2991,674
Ȗ،,s,682,265
Ȗ،,ߐ{s,1959,531
Ȗ،,s,1056,283
Ȗ،,ߐ{GRs,1003,621
Ȗ،,s,1027,437
Ȗ،,O쒬,814,254
Ȗ،,vq,636,398
Ȗ،,Ζؒ,761,629
Ȗ،,sL,465,237
Ȗ،,F꒬,837,210
Ȗ،,p,769,259
Ȗ،,ؒ,330,198
Ȗ،,J,597,224
Ȗ،,,893,233
Ȗ،,ߐ{,1157,385
Ȗ،,߉ϐ쒬,988,504
Qn,Os,2751,2962
Qn,s,2430,3142
Qn,ːs,448,595
Qn,ɐs,1323,1381
Qn,cs,1774,1532
Qn,cs,916,927
Qn,ٗюs,648,358
Qn,as,1063,1819
Qn,s,641,899
Qn,xs,732,1082
Qn,s,599,1176
Qn,݂ǂs,372,479
Qn,Y,224,311
Qn,g,209,331
Qn,쑺,11,89
Qn,_,13,150
Qn,mc,135,334
Qn,q,24,87
Qn,Êy,269,351
Qn,V,382,734
Qn,쌴,118,191
Qn,ڗ,496,256
Qn,Ò,5,24
Qn,R,166,245
Qn,Ȓ,452,830
Qn,Еi,105,144
Qn,ꑺ,225,156
Qn,a,456,98
Qn,݂Ȃݒ,564,813
Qn,ʑ,138,389
Qn,q,772,278
Qn,a,252,193
Qn,c,244,152
Qn,,69,123
Qn,Wy,379,239
ʌ,܎s,1588,1410
ʌ,zs,1246,4
ʌ,FJs,1604,14
ʌ,s,341,299
ʌ,scs,887,587
ʌ,s,287,1132
ʌ,s,731,625
ʌ,є\s,131,490
ʌ,{s,2314,0
ʌ,{s,632,617
ʌ,Rs,419,574
ʌ,ts,958,0
ʌ,Rs,428,380
ʌ,Hs,750,562
ʌ,s,1070,574
ʌ,[Js,2122,12
ʌ,s,293,486
ʌ,s,49,92
ʌ,zJs,399,452
ʌ,ns,8,13
ʌ,˓cs,8,28
ʌ,Ԏs,335,545
ʌ,s,111,75
ʌ,u؎s,86,56
ʌ,as,73,56
ʌ,Vs,282,152
ʌ,s,210,313
ʌ,vs,1253,0
ʌ,k{s,229,178
ʌ,s,121,135
ʌ,xms,458,207
ʌ,Os,324,274
ʌ,@cs,313,216
ʌ,ˎs,316,395
ʌ,Ks,696,220
ʌ,߃s,112,149
ʌ,s,292,451
ʌ,gs,408,187
ʌ,ӂݖs,177,113
ʌ,s,339,238
ʌ,ɓޒ,166,172
ʌ,OF,230,32
ʌ,јCR,115,256
ʌ,z,130,193
ʌ,쒬,250,255
ʌ,R,153,304
ʌ,쒬,257,457
ʌ,쓇,564,410
ʌ,g,467,421
ʌ,R,161,174
ʌ,Ƃ풬,103,351
ʌ,,58,165
ʌ,F쒬,61,309
ʌ,Ғ,40,245
ʌ,쒬,114,474
ʌ,,24,151
ʌ,,352,406
ʌ,_쒬,263,243
ʌ,㗢,401,265
ʌ,񋏒,315,732
ʌ,{㒬,329,251
ʌ,˒,495,202
ʌ,,140,96
t,ts,862,825
t,qs,857,94
t,ss,278,125
t,Ds,610,189
t,َRs,613,514
t,؍XÎs,711,433
t,ˎs,464,198
t,cs,697,740
t,Όs,928,422
t,cs,1391,465
t,qs,666,332
t,s,790,476
t,s,1847,347
t,Kus,62,72
t,s,735,483
t,Ys,269,180
t,ss,1332,1285
t,Rs,163,248
t,s,403,239
t,䑷qs,326,121
t,s,726,335
t,PJs,247,82
t,NÎs,1136,754
t,xÎs,649,475
t,Ys,0,0
t,lXs,226,178
t,PYs,611,335
t,Xs,943,238
t,󐼎s,1050,414
t,s,355,152
t,xs,709,137
t,[s,1461,1131
t,xs,1052,314
t,s,2645,640
t,Rs,1399,546
t,ݎs,806,449
t,Ԕs,631,270
t,X䒬,162,75
t,h,334,44
t,_蒬,127,24
t,Ò,782,207
t,,480,114
t,\㗢,245,102
t,ŎR,386,92
t,Ō,748,186
t,{,261,120
t,r,179,148
t,,281,199
t,q,380,124
t,,261,221
t,쒬,364,234
t,命쒬,345,232
t,h,60,44
t,쒬,216,161
s,c,0,0
s,,0,0
s,`,0,0
s,Vh,1,1
s,,0,1
s,䓌,1,0
s,nc,0,1
s,],0,1
s,i,0,0
s,ڍ,5,3
s,c,3,2
s,cJ,171,141
s,aJ,0,1
s,,2,7
s,,53,42
s,L,0,1
s,k,0,0
s,r,0,1
s,,18,34
s,n,242,152
s,,54,65
s,,65,40
s,]ː,85,58
s,qs,324,688
s,s,209,68
s,s,49,10
s,Os,184,62
s,~s,127,477
s,{s,143,133
s,s,49,68
s,zs,122,67
s,cs,279,380
s,s,81,46
s,s,187,86
s,s,120,153
s,Rs,151,101
s,s,137,39
s,s,48,61
s,s,10,23
s,]s,56,52
s,as,63,77
s,s,147,51
s,vĎs,169,72
s,Rs,128,137
s,s,20,50
s,s,151,71
s,Hs,49,45
s,s,168,478
s,s,128,59
s,䒬,115,223
s,̏o,48,154
s,w,2,117
s,,1,49
s,哇,68,71
s,,30,0
s,V,8,104
s,_Ó,8,22
s,O,21,28
s,䑠,7,8
s,䒬,264,55
s,,3,3
s,},32,22
_ސ쌧,ls,1770,1286
_ސ쌧,s,517,532
_ސ쌧,͌s,410,1623
_ސ쌧,{s,311,262
_ސ쌧,ˎs,816,505
_ސ쌧,qs,62,61
_ސ쌧,s,557,386
_ސ쌧,cs,919,727
_ސ쌧,s,293,262
_ސ쌧,qs,2,4
_ސ쌧,OYs,665,27
_ސ쌧,`s,495,489
_ސ쌧,؎s,644,996
_ސ쌧,as,146,154
_ސ쌧,ɐs,519,465
_ސ쌧,CVs,283,310
_ސ쌧,Ԏs,115,152
_ސ쌧,쑫s,419,529
_ސ쌧,s,153,132
_ސ쌧,tR,14,88
_ސ쌧,쒬,133,133
_ސ쌧,钬,131,111
_ސ쌧,{,59,95
_ސ쌧,䒬,238,156
_ސ쌧,䒬,183,244
_ސ쌧,c,85,138
_ސ쌧,Rk,143,327
_ސ쌧,J,120,123
_ސ쌧,,1,11
_ސ쌧,^ߒ,32,17
_ސ쌧,͌,127,46
_ސ쌧,쒬,99,372
_ސ쌧,쑺,18,48
V,Vs,6813,2862
V,s,3590,2162
V,Os,1957,794
V,s,967,682
V,Vcs,1764,833
V,Js,1126,571
V,Ύs,586,202
V,\s,2607,1238
V,s,680,297
V,s,1543,1156
V,s,1121,475
V,s,843,737
V,s,832,727
V,ܐs,1507,367
V,zs,2881,2001
V,s,1693,342
V,ns,3301,1346
V,s,1531,882
V,싛s,2863,1019
V,ٓs,982,384
V,Ē,281,220
V,F,161,137
V,c㒬,178,118
V,꒬,328,410
V,o_蒬,162,77
V,,122,136
V,Ó쒬,838,390
V,H,100,99
V,֐쑺,394,93
V,Y,0,48
xR,xRs,3381,1581
xR,s,1344,825
xR,Îs,426,274
xR,Xs,655,817
xR,s,388,163
xR,s,510,254
xR,vgs,805,277
xR,s,470,166
xR,vs,1091,643
xR,ːs,373,251
xR,M,46,9
xR,s,439,203
xR,R,643,265
xR,P,563,83
xR,,189,180
ΐ쌧,s,1319,808
ΐ쌧,s,1064,766
ΐ쌧,s,667,238
ΐ쌧,֓s,644,807
ΐ쌧,Fs,410,624
ΐ쌧,s,803,167
ΐ쌧,Hs,478,180
ΐ쌧,قs,248,229
ΐ쌧,Rs,662,460
ΐ쌧,\s,300,104
ΐ쌧,Xss,97,98
ΐ쌧,k,101,54
ΐ쌧,Ô,315,220
ΐ쌧,咬,48,72
ΐ쌧,u꒬,743,547
ΐ쌧,Bu,308,190
ΐ쌧,\o,308,251
ΐ쌧,,227,270
ΐ쌧,\o,521,526
䌧,s,2179,1208
䌧,։s,345,412
䌧,ls,413,410
䌧,s,881,346
䌧,Rs,550,280
䌧,I]s,412,280
䌧,s,445,239
䌧,zOs,1122,618
䌧,s,1311,365
䌧,i,253,239
䌧,rc,110,123
䌧,zO,228,253
䌧,zO,424,390
䌧,l,198,220
䌧,l,195,245
䌧,,252,273
䌧,ዷ,459,380
R,b{s,938,847
R,xmgcs,89,598
R,ss,140,733
R,Rs,1519,385
R,匎s,44,750
R,Bs,947,805
R,AvXs,1867,1166
R,kms,1973,1969
R,bs,380,766
R,Js,3022,590
R,쌴s,54,762
R,bBs,1904,391
R,s,483,343
R,sO,169,529
R,쒬,3,56
R,g,63,641
R,암,110,625
R,xm쒬,124,539
R,a,128,167
R,u,12,144
R,j,10,119
R,E쑺,58,223
R,RΑ,1,131
R,,63,80
R,xm͌Β,69,342
R,,4,48
R,OgR,4,59
쌧,s,3824,6078
쌧,{s,3034,3151
쌧,cs,1690,3554
쌧,Js,65,383
쌧,ѓcs,1672,2334
쌧,zKs,319,527
쌧,{s,1188,685
쌧,s,932,1051
쌧,ɓߎs,1107,2588
쌧,s,574,771
쌧,s,1571,1035
쌧,咬s,735,630
쌧,юRs,915,994
쌧,s,825,1174
쌧,Ks,1033,1073
쌧,vs,2681,3336
쌧,Ȏs,909,1925
쌧,s,1012,1081
쌧,ܖs,2479,2074
쌧,C,140,218
쌧,㑺,495,27
쌧,q,304,33
쌧,쑊ؑ,50,65
쌧,kؑ,40,55
쌧,v䒬,388,660
쌧,y,75,147
쌧,c,248,311
쌧,Ȓ,487,360
쌧,ؑ,128,343
쌧,a,141,483
쌧,zK,15,109
쌧,xm,450,472
쌧,,400,166
쌧,C쒬,254,748
쌧,֒,587,770
쌧,ѓ,449,366
쌧,얥֑,237,312
쌧,쑺,373,294
쌧,{c,67,133
쌧,쒬,634,294
쌧,X,624,332
쌧,쒬,85,207
쌧,q,270,378
쌧,J,10,32
쌧,H,16,27
쌧,,245,175
쌧,ؑ,21,39
쌧,V,27,101
쌧,ו,57,135
쌧,ؑ,279,285
쌧,Lu,369,278
쌧,厭,60,93
쌧,㏼,94,92
쌧,ؑ],151,203
쌧,ؑc,42,130
쌧,ꑺ,10,37
쌧,K,102,129
쌧,ؑ],216,460
쌧,ё,129,301
쌧,⑺,59,165
쌧,R`,317,200
쌧,,186,180
쌧,}k,238,502
쌧,rc,273,292
쌧,쑺,371,176
쌧,n,167,271
쌧,J,100,181
쌧,钬,243,529
쌧,z{,565,193
쌧,R,413,257
쌧,Rm,523,320
쌧,ؓ,220,299
쌧,򉷐,119,205
쌧,MZ,345,329
쌧,쑺,77,306
쌧,эj,773,469
쌧,h,187,158
򕌌,򕌎s,2029,2566
򕌌,_s,1097,1065
򕌌,Rs,1992,1577
򕌌,s,50,250
򕌌,֎s,696,1243
򕌌,Ðs,1753,2464
򕌌,Zs,131,374
򕌌,Qs,227,780
򕌌,Hs,488,884
򕌌,bߎs,1377,1738
򕌌,ZΎs,540,747
򕌌,ys,84,289
򕌌,es,508,1115
򕌌,s,409,853
򕌌,Rs,277,689
򕌌,s,407,493
򕌌,ˎs,504,863
򕌌,{s,823,567
򕌌,Ss,1241,2078
򕌌,Cs,470,1279
򕌌,CÎs,521,958
򕌌,쒬,112,218
򕌌,},126,212
򕌌,{V,430,379
򕌌,䒬,196,319
򕌌,փP,104,292
򕌌,_˒,272,193
򕌌,֔V,186,317
򕌌,,335,343
򕌌,K쒬,453,561
򕌌,쒬,449,306
򕌌,rc,292,344
򕌌,k,41,59
򕌌,j,74,96
򕌌,x,129,138
򕌌,Ӓ,137,345
򕌌,@,91,246
򕌌,SÒ,234,492
򕌌,쒬,301,644
򕌌,쑺,137,149
򕌌,䐓,164,392
򕌌,쑺,37,95
É,És,2725,2965
É,ls,4889,5153
É,Îs,837,624
É,MCs,72,134
É,Os,458,357
É,xm{s,810,1383
É,ɓs,226,368
É,cs,1346,996
É,xms,816,1226
É,֓cs,991,1178
É,ĒÎs,806,847
É,|s,1376,1329
É,}s,1025,1112
É,as,972,952
É,܈s,637,449
É,cs,71,304
É,s,301,624
É,ΐs,435,456
É,ɓs,559,1122
É,Os,433,297
É,es,912,646
É,ɓ̍s,590,556
É,qVs,1061,526
É,ɓ,166,99
É,͒Ò,145,215
É,ɓ,96,290
É,蒬,70,273
É,ɓ,22,120
É,쒬,270,309
É,,70,94
É,,131,149
É,R,392,259
É,gc,135,205
É,썪{,288,388
É,X,293,305
m,És,477,1459
m,Ls,2642,1592
m,s,1073,2083
m,{s,900,2756
m,ˎs,93,420
m,cs,209,231
m,ts,288,964
m,Ls,1635,1355
m,Ós,219,252
m,ɓs,405,323
m,Js,418,676
m,Lcs,1925,3379
m,s,799,861
m,s,1124,2153
m,Ss,560,444
m,Rs,371,566
m,튊s,255,413
m,]s,105,752
m,qs,259,745
m,s,1014,1978
m,Vs,1236,1378
m,Cs,456,342
m,{s,279,357
m,ms,387,716
m,ms,123,205
m,s,37,140
m,ls,45,97
m,qs,113,248
m,Ls,233,362
m,is,257,439
m,cs,2904,631
m,s,934,961
m,{s,128,297
m,kÉs,218,546
m,xs,441,389
m,݂悵s,275,321
m,܎s,442,747
m,vs,65,228
m,,189,190
m,LR,34,69
m,,118,269
m,}K,56,292
m,厡,91,166
m,I],156,180
m,򓇑,276,75
m,v䒬,187,184
m,Y,190,237
m,m,230,252
m,l,343,289
m,L,156,201
m,Kc,327,510
m,݊y,147,192
m,h,39,169
m,L,23,68
Od,Îs,2588,2413
Od,lss,1370,1280
Od,ɐs,1067,672
Od,s,2216,1836
Od,Ks,716,772
Od,鎭s,1660,1388
Od,s,665,466
Od,hs,17,40
Od,TRs,516,597
Od,Hs,141,181
Od,Fs,200,257
Od,Ȃ׎s,650,888
Od,us,213,442
Od,ɉs,2434,1192
Od,ؑ],146,35
Od,,130,175
Od,Ԗ쒬,408,349
Od,,21,62
Od,z,46,226
Od,C,614,444
Od,a,419,259
Od,䒬,144,323
Od,ʏ钬,380,137
Od,x,262,267
Od,I,192,198
Od,ɐ,151,160
Od,Ik,68,142
Od,l,451,133
Od,I,177,134
ꌧ,Îs,1197,1144
ꌧ,Fs,504,538
ꌧ,ls,1629,1371
ꌧ,ߍ]s,904,258
ꌧ,Îs,590,405
ꌧ,Rs,519,401
ꌧ,Is,418,276
ꌧ,bs,1449,757
ꌧ,Fs,510,261
ꌧ,Γs,238,144
ꌧ,s,1331,600
ꌧ,ߍ]s,2139,649
ꌧ,Čs,581,692
ꌧ,쒬,663,170
ꌧ,,391,70
ꌧ,,317,191
ꌧ,L,94,65
ꌧ,bǒ,166,58
ꌧ,꒬,167,114
s{,ss,1454,1346
s{,mRs,1464,1617
s{,ߎs,561,1141
s{,s,938,992
s{,Fs,146,158
s{,{Îs,323,345
s{,Ts,1445,708
s{,zs,238,244
s{,s,161,113
s{,s,186,136
s{,s,239,170
s{,cӎs,501,306
s{,Os,1478,1038
s{,Os,1535,885
s{,ؒÐs,660,533
s{,R蒬,24,33
s{,vR,260,145
s{,蒬,75,126
s{,Fc,146,211
s{,}u,9,56
s{,a,210,158
s{,ؒ,247,313
s{,R鑺,102,78
s{,Og,849,151
s{,ɍ,91,82
s{,^Ӗ쒬,274,252
{,s,97,251
{,s,650,1522
{,ݘacs,401,693
{,Ls,67,171
{,rcs,76,164
{,cs,51,97
{,Îs,19,106
{,Ύs,434,779
{,Lˎs,256,350
{,s,29,38
{,s,359,696
{,؎s,477,625
{,s,227,632
{,򍲖s,410,433
{,xcюs,405,689
{,Qs,125,253
{,͓s,213,575
{,s,86,362
{,哌s,34,115
{,as,293,713
{,ʎs,131,284
{,s,94,124
{,Hgs,246,317
{,^s,43,80
{,ےÎs,48,113
{,Ύs,18,86
{,䎛s,25,148
{,s,130,402
{,s,223,279
{,ls,63,107
{,s,137,237
{,㋷Rs,106,171
{,s,96,251
{,{,36,81
{,L\,171,112
{,\,575,295
{,,14,44
{,F撬,100,190
{,cK,26,43
{,,23,101
{,q,90,142
{,͓쒬,224,379
{,瑁ԍ㑺,85,150
Ɍ,_ˎs,2894,1158
Ɍ,PHs,1605,3816
Ɍ,s,107,153
Ɍ,Ύs,425,449
Ɍ,{s,144,175
Ɍ,F{s,1287,631
Ɍ,s,1,3
Ɍ,ɒOs,139,199
Ɍ,s,224,228
Ɍ,Ls,1977,1723
Ɍ,Ðs,902,1715
Ɍ,ԕs,254,433
Ɍ,es,579,549
Ɍ,ˎs,313,224
Ɍ,O؎s,1818,527
Ɍ,s,114,475
Ɍ,쐼s,148,176
Ɍ,s,1140,544
Ɍ,Ocs,1185,430
Ɍ,s,1696,981
Ɍ,OgRs,2287,937
Ɍ,{s,766,1217
Ɍ,Ogs,2900,2090
Ɍ,삠킶s,2891,571
Ɍ,s,858,919
Ɍ,WHs,1398,880
Ɍ,s,1131,1516
Ɍ,s,1582,612
Ɍ,̎s,1090,1258
Ɍ,쒬,315,243
Ɍ,,797,586
Ɍ,,836,607
Ɍ,d,20,109
Ɍ,s쒬,276,457
Ɍ,蒬,291,485
Ɍ,_͒,291,337
Ɍ,q,191,404
Ɍ,S,223,292
Ɍ,p,778,763
Ɍ,,504,677
Ɍ,V,648,550
ޗǌ,ޗǎs,1433,1280
ޗǌ,acs,216,327
ޗǌ,aSRs,716,505
ޗǌ,Vs,1023,728
ޗǌ,s,545,721
ޗǌ,s,516,640
ޗǌ,ܞs,1021,608
ޗǌ,䏊s,652,511
ޗǌ,s,230,474
ޗǌ,Ŏs,137,424
ޗǌ,s,439,556
ޗǌ,FɎs,939,733
ޗǌ,RY,223,303
ޗǌ,Q,163,151
ޗǌ,O,11,64
ޗǌ,,191,217
ޗǌ,g,77,136
ޗǌ,쐼,137,137
ޗǌ,O,100,84
ޗǌ,c{,493,376
ޗǌ,],75,96
ޗǌ,,85,134
ޗǌ,撬,133,210
ޗǌ,,233,252
ޗǌ,q,45,75
ޗǌ,,21,81
ޗǌ,L˒,310,301
ޗǌ,͍,115,173
ޗǌ,g쒬,43,271
ޗǌ,嗄,122,208
ޗǌ,s,113,203
ޗǌ,ꑺ,8,23
ޗǌ,V쑺,5,58
ޗǌ,씗쑺,1,12
ޗǌ,\Ð쑺,39,138
ޗǌ,kR,4,23
ޗǌ,kR,0,2
ޗǌ,㑺,1,36
ޗǌ,g쑺,1,63
a̎R,a̎Rs,1809,1248
a̎R,Cs,1094,437
a̎R,{s,899,816
a̎R,Lcs,782,174
a̎R,Vs,527,217
a̎R,cӎs,1708,695
a̎R,V{s,64,80
a̎R,I̐s,2519,964
a̎R,os,335,296
a̎R,I쒬,315,297
a̎R,炬,922,256
a̎R,xR,240,70
a̎R,쒬,28,73
a̎R,,309,45
a̎R,L쒬,297,109
a̎R,Lc쒬,1652,378
a̎R,l,87,46
a̎R,,304,174
a̎R,Rǒ,163,98
a̎R,쒬,594,172
a̎R,݂Ȃג,1215,90
a̎R,쒬,580,289
a̎R,l,235,261
a̎R,xc,282,234
a̎R,ݒ,63,82
a̎R,ߒqY,91,159
a̎R,n,1,11
a̎R,Í쒬,59,79
a̎R,kR,4,13
a̎R,{,72,150
挧,s,3299,2378
挧,Ďqs,1376,1063
挧,qgs,1299,958
挧,`s,65,166
挧,,296,268
挧,,122,135
挧,q,288,369
挧,,857,630
挧,O,319,251
挧,l,557,433
挧,ՉY,928,409
挧,kh,701,344
挧,gÑ,93,55
挧,R,1353,629
挧,암,600,321
挧,˒,746,293
挧,쒬,473,179
挧,쒬,199,171
挧,]{,340,143
,]s,1622,2013
,lcs,1062,948
,o_s,2487,3074
,vcs,810,917
,cs,827,802
,s,1640,761
,]Îs,234,429
,_s,1791,1465
,o_,1246,387
,ѓ쒬,392,115
,{,130,94
,,233,239
,W쒬,918,487
,Øa쒬,290,286
,g꒬,444,258
,Cm,55,64
,m,25,21
,mv,16,9
,B̓,175,420
R,Rs,5557,2941
R,q~s,2265,2944
R,ÎRs,2598,1678
R,ʖs,332,465
R,}s,305,1024
R,䌴s,774,1148
R,Ўs,1184,1042
R,s,1310,1249
R,Vs,1527,1289
R,Os,296,491
R,˓s,738,457
R,Ԕ֎s,1215,661
R,^s,2648,1737
R,s,1477,1189
R,s,316,965
R,aC,492,392
R,,85,51
R,,30,254
R,|,510,609
R,V,88,63
R,쒬,906,512
R,,553,265
R,ދ`,359,148
R,q,79,66
R,vē쒬,436,187
R,璬,809,520
R,g,1048,451
L,Ls,1279,3910
L,s,848,1393
L,|s,186,420
L,Os,1642,1179
L,s,1336,2226
L,Rs,1316,4937
L,{s,400,855
L,Os,2162,1076
L,s,2859,836
L,|s,79,171
L,Ls,2975,2339
L,ss,413,829
L,|cs,1568,946
L,]cs,138,443
L,{,8,16
L,Cc,12,72
L,F쒬,118,330
L,⒬,0,33
L,|c,194,459
L,kL,1197,719
L,㓇,199,176
L,,1139,558
L,_΍,793,551
R,֎s,2488,1033
R,Fs,755,621
R,Rs,2845,1891
R,s,1266,877
R,h{s,702,839
R,s,124,358
R,⍑s,1277,2033
R,s,288,530
R,s,1005,427
R,s,557,593
R,Is,1159,533
R,s,1004,1248
R,Rzcs,367,343
R,h哇,556,462
R,aؒ,2,14
R,֒,33,63
R,cz{,178,309
R,,122,200
R,,109,127
,s,1591,933
,s,843,350
,s,769,226
,s,2505,807
,gs,755,1132
,gs,1848,1169
,ns,790,1275
,ODs,356,1279
,Y,424,147
,㏟,154,118
,߉͓,231,118
,Έ䒬,674,396
,_R,361,417
,߉꒬,433,467
,,76,36
,g,163,91
,Cz,317,207
,Β,165,30
,k,107,113
,Z,268,182
,쒬,256,216
,,379,256
,邬,177,528
,݂悵,417,567
쌧,s,3626,3463
쌧,ۋTs,1505,1174
쌧,os,711,728
쌧,Pʎs,630,567
쌧,ωs,1414,927
쌧,ʂs,1501,927
쌧,s,762,537
쌧,OLs,2297,1994
쌧,y,136,294
쌧,,125,309
쌧,Oؒ,750,546
쌧,,0,34
쌧,FÒ,45,77
쌧,쒬,1045,625
쌧,Օ,95,132
쌧,xÒ,222,242
쌧,܂̂,1078,704
Q,Rs,2722,1733
Q,s,2204,1812
Q,Fas,1842,724
Q,ls,1350,226
Q,Vls,403,874
Q,s,2027,1145
Q,Fs,1014,1461
Q,ɗ\s,1312,673
Q,ls,1022,1264
Q,\s,1770,1034
Q,s,827,493
Q,㓇,97,210
Q,v,493,551
Q,O,489,201
Q,u,302,249
Q,q,907,662
Q,ɕ,596,120
Q,쒬,254,170
Q,Sk,574,437
Q,쒬,434,316
m,ms,1269,685
m,ˎs,240,171
m,|s,724,180
m,썑s,896,552
m,ys,493,290
m,{s,466,415
m,hюs,300,199
m,ys,164,127
m,l\s,750,508
m,s,895,396
m,s,832,534
m,m,40,10
m,ޔ,97,42
m,c쒬,108,53
m,c,249,42
m,k쑺,163,51
m,nH,87,28
m,|,236,41
m,{R,149,128
m,L,204,356
m,y,240,103
m,쑺,14,28
m,̒,240,422
m,m쒬,111,458
m,y,253,103
m,쒬,456,269
m,zm,150,179
m,,200,167
m,,147,119
m,Ö쒬,271,426
m,l\,1148,394
m,匎,131,52
m,O,112,32
m,,338,191
,kBs,1050,973
,s,1005,792
,喴cs,275,258
,vĎs,2672,1251
,s,285,119
,ђˎs,996,281
,cs,256,140
,s,612,467
,s,2340,1274
,}s,473,259
,s,492,209
,ss,583,452
,LOs,541,418
,Ԏs,60,36
,Ss,403,250
,}s,418,242
,ts,23,51
,s,49,69
,@s,453,186
,ɕ{s,105,41
,És,246,116
,Îs,282,194
,͎s,1096,523
,{s,632,142
,Ös,655,205
,qs,1524,698
,݂܎s,1131,420
,s,1270,517
,߉ϐs,181,135
,F,74,79
,I,95,90
,uƒ,41,41
,{b,98,81
,V{,104,89
,vR,119,73
,,202,119
,,37,26
,,54,28
,_,202,132
,꒬,156,111
,|,47,19
,Ǝ蒬,160,56
,j쒬,212,50
,}O,517,200
,,110,148
,品,419,134
,ؒ,413,179
,L쒬,358,140
,t,204,111
,Yc,221,158
,c,70,35
,蒬,200,98
,C,132,58
,ԑ,181,80
,q,379,215
,c,181,135
,݂₱,1025,223
,gx,72,105
,ђ,352,171
,z㒬,644,262
ꌧ,s,2095,567
ꌧ,Îs,2579,870
ꌧ,s,155,230
ꌧ,vs,541,153
ꌧ,ɖs,1655,551
ꌧ,Ys,370,709
ꌧ,s,710,373
ꌧ,s,522,169
ꌧ,s,802,500
ꌧ,_s,354,145
ꌧ,g샖,129,93
ꌧ,R,80,176
ꌧ,,68,55
ꌧ,݂₫,238,135
ꌧ,C,353,91
ꌧ,Lc,487,195
ꌧ,咬,74,18
ꌧ,]k,170,31
ꌧ,Β,1375,115
ꌧ,ǒ,536,176
茧,s,921,1422
茧,ێs,1816,960
茧,s,829,376
茧,|s,2138,1468
茧,呺s,763,463
茧,ˎs,1311,768
茧,Ys,876,306
茧,Δns,362,544
茧,s,1142,676
茧,ܓs,848,418
茧,Cs,737,592
茧,_s,2188,835
茧,쓇s,1569,1007
茧,^,290,119
茧,Ò,130,135
茧,ދn,463,200
茧,I,193,131
茧,g,397,161
茧,l꒬,133,75
茧,X,199,76
茧,Vܓ,24,221
F{,F{s,3963,1256
F{,s,2657,780
F{,lgs,530,355
F{,rs,331,246
F{,s,305,426
F{,ʖs,2085,817
F{,Rs,2121,969
F{,ers,1889,637
F{,Fys,583,340
F{,Vs,344,334
F{,Fs,1810,504
F{,hs,976,399
F{,Vs,1880,2005
F{,us,408,187
F{,,530,348
F{,ʓ,280,75
F{,֒,519,331
F{,F,179,129
F{,a,629,353
F{,Ò,430,169
F{,ez,296,92
F{,쏬,277,144
F{,,372,187
F{,YR,176,35
F{,X,277,98
F{,,309,119
F{,숢h,667,238
F{,D,439,266
F{,Ó,54,92
F{,v钬,480,233
F{,b,503,249
F{,Rs,1538,468
F{,X쒬,563,99
F{,k,779,541
F{,Óޖؒ,189,138
F{,ђ,548,230
F{,ǖؒ,577,296
F{,O,227,102
F{,㑺,158,88
F{,Ǒ,285,159
F{,ܖؑ,12,53
F{,R],226,99
F{,,151,199
F{,蒬,785,270
F{,k,192,195
啪,啪s,1527,2206
啪,ʕ{s,152,201
啪,Îs,1438,1272
啪,cs,1430,1878
啪,s,851,1040
啪,Pns,782,725
啪,Ëvs,114,59
啪,|cs,1834,673
啪,L㍂cs,714,578
啪,nzs,1132,498
啪,Fs,1932,788
啪,Ls,1805,1128
啪,Rzs,1243,577
啪,s,1120,1016
啪,P,0,66
啪,o,346,318
啪,d,734,363
啪,쒬,945,469
{茧,{s,2898,1227
{茧,ss,2754,2706
{茧,s,1196,783
{茧,s,877,447
{茧,юs,1728,1000
{茧,s,729,472
{茧,Ԏs,710,218
{茧,ss,1124,293
{茧,т̎s,1191,491
{茧,OҒ,405,315
{茧,,481,181
{茧,x,808,275
{茧,,292,122
{茧,璬,269,120
{茧,Vx,589,131
{茧,ėǑ,67,47
{茧,؏钬,233,90
{茧,쒬,644,144
{茧,s_,468,120
{茧,쒬,204,103
{茧,ˑ,119,126
{茧,ŗt,208,174
{茧,,610,281
{茧,䒬,943,385
{茧,Ve,429,185
{茧,܃,328,200
,s,881,2710
,s,1322,660
,s,314,291
,vs,347,348
,os,1349,929
,whs,1090,429
,V\s,749,216
,s,285,314
,Fs,1361,1696
,us,787,1029
,]s,1690,1155
,s,1233,1661
,ؖs,303,443
,삳܎s,685,632
,uzus,1029,704
,s,375,427
,Bs,1391,839
,ɍs,1338,575
,ǎs,611,774
,O,24,4
,\,58,15
,ܒ,1206,628
,,791,297
,N,503,354
,蒬,610,422
,ǒ,449,129
,э],387,352
,,354,368
,̕t,448,420
,q,706,94
,q,507,114
,v,324,235
,a,70,81
,F,47,82
,˓,68,126
,,119,184
,E,496,55
,V,463,64
,V钬,729,44
,ɐ咬,715,100
,a,669,29
,m,645,32
,^_,671,100
ꌧ,ߔes,62,31
ꌧ,Xps,32,32
ꌧ,Ί_s,593,27
ꌧ,YYs,20,24
ꌧ,s,802,296
ꌧ,s,612,344
ꌧ,s,39,40
ꌧ,Ls,189,134
ꌧ,܎s,319,295
ꌧ,{Ós,3529,274
ꌧ,s,453,492
ꌧ,,190,62
ꌧ,X,119,27
ꌧ,,108,28
ꌧ,Am,367,79
ꌧ,{,218,144
ꌧ,[,146,122
ꌧ,X,153,59
ꌧ,,128,117
ꌧ,ɍ],357,55
ꌧ,ǒJ,33,184
ꌧ,Î[,28,26
ꌧ,kJ,1,13
ꌧ,k鑺,16,57
ꌧ,鑺,103,188
ꌧ,,59,148
ꌧ,^ߌ,11,26
ꌧ,앗,141,216
ꌧ,nÕ~,0,15
ꌧ,Ԗ,2,30
ꌧ,,27,22
ꌧ,n쑺,7,15
ꌧ,哌,131,0
ꌧ,k哌,77,0
ꌧ,ɕ,79,13
ꌧ,ɐ,122,14
ꌧ,vē,554,57
ꌧ,d,448,330
ꌧ,Ǌԑ,154,3
ꌧ,|x,148,16
ꌧ,^ߍ,97,18
